variant_index,position,maf,beta,is_causal
0,3486.0,0.0315,0.0,0
1,3693.0,0.19555,0.0,0
2,4585.0,0.0497,0.0,0
3,4823.0,0.0114,0.0,0
4,5865.0,0.0976,0.0,0
5,6923.0,0.18475,0.0,0
6,8352.0,0.0412,0.0,0
7,10380.0,0.23755000000000004,0.03571912068003898,1
8,10833.0,0.02325,0.0,0
9,12188.0,0.0359,0.0,0
10,12613.0,0.02195,0.09931388956179199,1
11,12889.0,0.23409999999999997,0.0,0
12,13117.0,0.02865,0.0,0
13,13145.0,0.23409999999999997,0.0,0
14,13167.0,0.2341,0.0,0
15,13177.0,0.2341,0.0,0
16,13545.0,0.15575,0.0,0
17,13702.0,0.2378,0.0,0
18,13998.0,0.2378,0.0,0
19,14114.0,0.499,0.0,0
20,14453.0,0.2378,0.0,0
21,14567.0,0.01675,0.0,0
22,14789.0,0.23775000000000002,0.0,0
23,15289.0,0.207,0.0,0
24,16061.0,0.23875,0.0,0
25,17384.0,0.05875,0.0,0
26,18520.0,0.33775,0.0,0
27,19405.0,0.0192,0.0,0
28,19620.0,0.09,0.0,0
29,20189.0,0.08405,0.0,0
30,20973.0,0.3915,0.0,0
31,21566.0,0.13025,0.0,0
32,22405.0,0.3915,0.0,0
33,22663.0,0.1027,0.0,0
34,22752.0,0.277,0.0,0
35,22823.0,0.1027,0.0,0
36,23611.0,0.277,0.0,0
37,23665.0,0.0208,0.0,0
38,23810.0,0.08405,0.0,0
39,25185.0,0.01095,0.0,0
40,25976.0,0.21435000000000004,0.0,0
41,26278.0,0.03595,0.0,0
42,26362.0,0.06845,0.0,0
43,26641.0,0.21435,0.0,0
44,29178.0,0.24355,0.0,0
45,29222.0,0.0155,0.0,0
46,29407.0,0.1437,0.0,0
47,29503.0,0.0114,0.0,0
48,29957.0,0.03525,0.0,0
49,30303.0,0.34575,0.0,0
50,30599.0,0.1342,0.0,0
51,30776.0,0.02195,0.0,0
52,30964.0,0.34404999999999997,0.0,0
53,31000.0,0.09975,0.0,0
54,32386.0,0.10285,0.0,0
55,32793.0,0.1168,0.0,0
56,32848.0,0.13245,0.0,0
57,32999.0,0.13245,0.0,0
58,33069.0,0.1271,0.0,0
59,33591.0,0.10285,0.0,0
60,33638.0,0.22004999999999997,0.0,0
61,33711.0,0.03525,0.0,0
62,33774.0,0.15265,0.0,0
63,34078.0,0.01045,0.0,0
64,34270.0,0.10285,0.0,0
65,34671.0,0.0155,0.0,0
66,34707.0,0.15265,0.0,0
67,36665.0,0.01095,0.0,0
68,36947.0,0.30535,0.0,0
69,37169.0,0.103,0.0,0
70,37296.0,0.1348,0.0,0
71,37328.0,0.10975,0.0,0
72,37418.0,0.103,0.0,0
73,40296.0,0.01705,0.0,0
74,41162.0,0.4134,0.0,0
75,41570.0,0.4134,0.0,0
76,42600.0,0.43095000000000006,0.0,0
77,42934.0,0.0699,0.0,0
78,43366.0,0.41285,0.0,0
79,43535.0,0.41285,0.0,0
80,44112.0,0.0494,0.0,0
81,44127.0,0.4306,0.0,0
82,44623.0,0.0117,0.0,0
83,44915.0,0.1342,0.0,0
84,44946.0,0.467,-0.037153814321154825,1
85,45493.0,0.46685,0.0,0
86,45638.0,0.4468,0.0,0
87,45938.0,0.46425,0.0,0
88,46051.0,0.01675,0.0,0
89,46327.0,0.01035,0.0,0
90,47043.0,0.02265,0.0,0
91,47156.0,0.01875,0.0,0
92,47433.0,0.46220000000000006,0.0,0
93,47706.0,0.0855,0.0004918841837244368,1
94,47758.0,0.10895,0.0,0
95,48483.0,0.49524999999999997,0.0,0
96,48497.0,0.067,0.0,0
97,48604.0,0.03305,0.0,0
98,49110.0,0.0589,0.07724369658457057,1
99,49214.0,0.46235000000000004,0.0,0
100,50617.0,0.01295,0.0,0
101,51238.0,0.0176,0.0,0
102,51958.0,0.0167,0.0,0
103,53461.0,0.45914999999999995,0.0,0
104,53543.0,0.0419,0.002759649419107989,1
105,53722.0,0.20135,0.0,0
106,54025.0,0.27305,0.0,0
107,54300.0,0.01095,0.0,0
108,55577.0,0.09465,0.0,0
109,57211.0,0.2861,0.0,0
110,59431.0,0.2377,0.0,0
111,59479.0,0.15805,0.0,0
112,60388.0,0.15805,0.0,0
113,60744.0,0.308,0.0,0
114,62543.0,0.11085,0.0,0
115,63978.0,0.03915,0.01953466574676886,1
116,64101.0,0.01435,0.0,0
117,64424.0,0.02905,0.0,0
118,65114.0,0.16245,0.0,0
119,65375.0,0.17635,0.0,0
120,65562.0,0.03965,0.0,0
121,65677.0,0.0196,0.0,0
122,66591.0,0.17635,0.0,0
123,66743.0,0.17635,0.0,0
124,67209.0,0.17635,0.0,0
125,68213.0,0.15769999999999995,0.0,0
126,69172.0,0.18815,0.0,0
127,70176.0,0.18815,0.0,0
128,70758.0,0.0237,0.0,0
129,71502.0,0.15445,0.0,0
130,72815.0,0.2095,0.0,0
131,74849.0,0.07235,0.0,0
132,75552.0,0.07289999999999996,0.0,0
133,75837.0,0.0729,0.0,0
134,75928.0,0.1366,0.0,0
135,76066.0,0.07289999999999996,0.0,0
136,76272.0,0.07289999999999996,0.0,0
137,76556.0,0.0729,0.0,0
138,76603.0,0.01055,0.0,0
139,76729.0,0.07289999999999996,0.0,0
140,77731.0,0.07289999999999996,0.0,0
141,78108.0,0.07289999999999996,0.0,0
142,78451.0,0.0728,0.0,0
143,78516.0,0.07279999999999998,0.0,0
144,78589.0,0.07279999999999998,0.0,0
145,78906.0,0.07279999999999998,0.0,0
146,79143.0,0.1693,0.0,0
147,79348.0,0.01695,0.0,0
148,80706.0,0.0596,0.0,0
149,80822.0,0.10525,0.0,0
150,80831.0,0.10524999999999995,0.0,0
151,81269.0,0.10525,0.0,0
152,81925.0,0.10525,0.0,0
153,82244.0,0.10525,0.0,0
154,82445.0,0.10524999999999995,0.0,0
155,82796.0,0.12,0.0,0
156,82882.0,0.1592,0.0,0
157,82901.0,0.10525,0.0,0
158,83039.0,0.30355,0.0,0
159,83125.0,0.04015,0.0,0
160,83941.0,0.0397,-0.006300562992512328,1
161,85521.0,0.05475,0.0,0
162,86661.0,0.03965,0.0,0
163,86831.0,0.14535,0.05223004671840255,1
164,87233.0,0.16745,0.0,0
165,87349.0,0.04895,0.0,0
166,87650.0,0.01985,0.09608213099574316,1
167,88436.0,0.0664,0.0,0
168,89338.0,0.0555,0.0,0
169,90993.0,0.22165,0.0,0
170,93412.0,0.0329,0.0,0
171,93678.0,0.16615,0.0,0
172,93867.0,0.1352,0.0,0
173,93984.0,0.32545,0.0,0
174,94058.0,0.012449999999999961,0.0,0
175,94273.0,0.0108,0.0,0
176,94723.0,0.01245,0.0,0
177,95129.0,0.0885,0.0,0
178,96366.0,0.1441,0.0,0
179,96753.0,0.01365,0.0,0
180,96820.0,0.02115,0.0,0
181,96825.0,0.0511,0.0,0
182,97076.0,0.03965,0.0,0
183,97143.0,0.0422,0.0,0
184,97841.0,0.03265,0.0,0
185,98191.0,0.09355000000000002,0.0,0
186,98643.0,0.21705,0.0,0
187,99638.0,0.14295,0.0,0
188,100678.0,0.0863,0.0,0
189,100804.0,0.21745,0.0,0
190,101167.0,0.01015,0.0,0
191,101807.0,0.01365,0.0,0
192,102037.0,0.0387,0.0,0
193,102329.0,0.1213,0.0,0
194,103218.0,0.0744,-0.02811293166124067,1
195,103638.0,0.16790000000000005,0.0,0
196,103706.0,0.0744,0.0,0
197,103926.0,0.0816,0.0,0
198,105306.0,0.0103,0.0,0
199,105344.0,0.0208,0.0,0
200,105725.0,0.043,0.0,0
201,106045.0,0.0235,0.0,0
202,106427.0,0.0105,0.0,0
203,107208.0,0.0235,0.0,0
204,107354.0,0.17415000000000003,0.0,0
205,108397.0,0.09524999999999995,0.0,0
206,108519.0,0.17459999999999998,0.0,0
207,111457.0,0.01265,0.0,0
208,111560.0,0.02025,0.0,0
209,111720.0,0.01795,0.0,0
210,112468.0,0.06815,0.0,0
211,113334.0,0.1232,0.0,0
212,113414.0,0.0192,0.0,0
213,114366.0,0.0103,0.0,0
214,114950.0,0.1121,0.0,0
215,115302.0,0.19375,0.060546243371807335,1
216,115324.0,0.06110000000000004,0.0,0
217,115568.0,0.05045,0.0,0
218,115773.0,0.0235,0.0,0
219,116471.0,0.2316,0.0,0
220,116579.0,0.16074999999999995,0.0,0
221,116593.0,0.06110000000000004,0.0,0
222,117858.0,0.0157,0.0,0
223,118949.0,0.01795,0.0,0
224,119671.0,0.4556,0.012127702005721183,1
225,119752.0,0.4556,0.0,0
226,121174.0,0.11705,0.0,0
227,121336.0,0.4513,0.0,0
228,121781.0,0.42195,0.0,0
229,121890.0,0.42195000000000005,0.0,0
230,122997.0,0.0174,-0.002236501444668772,1
231,123180.0,0.202,0.0,0
232,124701.0,0.05645,0.0,0
233,124983.0,0.1054,0.0,0
234,125262.0,0.026,0.0,0
235,125818.0,0.0846,0.0,0
236,126453.0,0.0846,0.0,0
237,126456.0,0.0429,0.0,0
238,126648.0,0.08460000000000001,0.0,0
239,126720.0,0.2238,0.0,0
240,127355.0,0.0633,0.0,0
241,127982.0,0.0846,0.0,0
242,128492.0,0.0429,0.0,0
243,130335.0,0.0174,0.0,0
244,130538.0,0.01815,0.0,0
245,130908.0,0.0846,0.0,0
246,131272.0,0.0235,0.0,0
247,131682.0,0.0309,0.0,0
248,132308.0,0.01445,0.0,0
249,133571.0,0.1844,0.0,0
250,133665.0,0.09905,0.07028647170080371,1
251,135101.0,0.042,0.0,0
252,135381.0,0.1056,0.0,0
253,138217.0,0.11195,0.0,0
254,138355.0,0.06405,0.0,0
255,138746.0,0.03965,0.0,0
256,139578.0,0.2703,0.0,0
257,139754.0,0.043,0.0,0
258,140505.0,0.1213,0.0,0
259,140997.0,0.0127,0.0,0
260,141649.0,0.0259,0.0,0
261,141805.0,0.42995000000000005,0.0,0
262,141849.0,0.042,0.0,0
263,143484.0,0.18925,0.0,0
264,143830.0,0.1211,0.0,0
265,144843.0,0.01475,0.0,0
266,145051.0,0.25525,0.0,0
267,146001.0,0.03175,0.0,0
268,146632.0,0.0231,0.0,0
269,146674.0,0.1334,0.0,0
270,146886.0,0.25375000000000003,0.0,0
271,147156.0,0.0231,0.0,0
272,147556.0,0.047,0.0,0
273,148503.0,0.13545,0.0,0
274,148575.0,0.0231,0.0,0
275,150622.0,0.0152,0.0,0
276,150663.0,0.02310000000000001,0.0,0
277,151027.0,0.0231,0.0,0
278,151474.0,0.37855000000000005,0.0,0
279,151798.0,0.01545,0.0,0
280,153696.0,0.22105,0.0,0
281,154855.0,0.0215,0.0,0
282,155323.0,0.0348,0.0,0
283,157374.0,0.0108,0.0,0
284,157516.0,0.18505,0.0,0
285,158298.0,0.01075,0.0,0
286,158358.0,0.015,0.0,0
287,158505.0,0.24744999999999995,0.0,0
288,158610.0,0.01225,0.0,0
289,160011.0,0.0178,0.0,0
290,161459.0,0.02115,0.0,0
291,161750.0,0.25595,0.0,0
292,162031.0,0.0136,0.0,0
293,162393.0,0.33585,0.0,0
294,164507.0,0.3356,0.0,0
295,165174.0,0.0371,0.0,0
296,165236.0,0.29105000000000003,0.0,0
297,166004.0,0.0136,0.0,0
298,166514.0,0.23829999999999996,0.0,0
299,168448.0,0.23875,0.0,0
300,168957.0,0.24805,0.0,0
301,169704.0,0.24835,0.0,0
302,170677.0,0.07935,-0.013260433847983156,1
303,172196.0,0.02075,0.0,0
304,172920.0,0.03005,0.0,0
305,174932.0,0.0797,0.0,0
306,175605.0,0.02825,0.0,0
307,176482.0,0.0219,0.07485106630932899,1
308,176501.0,0.02075,0.0,0
309,178172.0,0.11965,0.0,0
310,178318.0,0.28400000000000003,0.0,0
311,178861.0,0.068,0.0,0
312,178891.0,0.19055,0.0,0
313,179609.0,0.19055,0.0,0
314,179880.0,0.141,0.0,0
315,179889.0,0.04955,0.0,0
316,180026.0,0.04955,0.0,0
317,180205.0,0.19055,0.0,0
318,180474.0,0.141,0.0,0
319,180703.0,0.1061,0.0,0
320,180708.0,0.19055,-0.05760834258490826,1
321,181849.0,0.0788,0.0,0
322,181875.0,0.04955,0.0,0
323,182142.0,0.21285,-0.03462409869914228,1
324,182211.0,0.04955,0.0,0
325,183079.0,0.2281,0.0,0
326,183814.0,0.0288,0.0,0
327,184000.0,0.2669,0.0,0
328,184040.0,0.2669,0.0,0
329,185158.0,0.07095,0.0,0
330,186042.0,0.372,0.0,0
331,188041.0,0.07195,0.0,0
332,189882.0,0.39159999999999995,0.0,0
333,190357.0,0.3903,0.0,0
334,190438.0,0.2048,0.0,0
335,191540.0,0.03075,0.0,0
336,191622.0,0.0304,0.0,0
337,193675.0,0.35765,0.0,0
338,198196.0,0.03065,0.0,0
339,198851.0,0.1853,0.0,0
340,199150.0,0.0651,0.0,0
341,199271.0,0.03065,0.0,0
342,200362.0,0.18975,0.0,0
343,200996.0,0.02005,0.0,0
344,201489.0,0.02825,0.0,0
345,202073.0,0.02005,0.0,0
346,203146.0,0.17835,0.0,0
347,203887.0,0.34655,0.0,0
348,203992.0,0.267,0.0,0
349,206592.0,0.32585,0.0,0
350,206945.0,0.04775,0.0,0
351,207070.0,0.33009999999999995,0.0,0
352,207098.0,0.0196,0.0,0
353,207118.0,0.17065,-0.07742166819558159,1
354,208592.0,0.03145,0.0,0
355,209899.0,0.01745,0.0,0
356,210625.0,0.01585,0.06091822632575285,1
357,210750.0,0.04785,0.0,0
358,210848.0,0.0346,0.0,0
359,211626.0,0.3257,0.0,0
360,211658.0,0.3394,0.0,0
361,212045.0,0.33515,0.0,0
362,212193.0,0.04785,0.0,0
363,212198.0,0.19,0.0,0
364,212773.0,0.02285,-0.0008090007777146679,1
365,213401.0,0.04225,0.0,0
366,213972.0,0.2689,0.0,0
367,214284.0,0.06275,0.0,0
368,214429.0,0.47609999999999997,0.0,0
369,214856.0,0.4718,0.0,0
370,216127.0,0.2311,0.0,0
371,216315.0,0.02305,0.0,0
372,217719.0,0.0666,0.0,0
373,219445.0,0.0102,0.05350894915381336,1
374,220147.0,0.46825,0.0,0
375,220276.0,0.45975,0.0,0
376,221584.0,0.0896,0.0,0
377,223844.0,0.4989,0.0,0
378,224168.0,0.42910000000000004,0.0,0
379,226528.0,0.01545,0.0,0
380,227029.0,0.15469999999999995,0.0,0
381,227562.0,0.05845,0.0,0
382,227570.0,0.0142,0.0,0
383,227571.0,0.1526,0.0,0
384,227590.0,0.08145,0.0,0
385,227591.0,0.047,0.0,0
386,228669.0,0.01605,0.0,0
387,229465.0,0.06755,0.0,0
388,229617.0,0.04815,0.0,0
389,230449.0,0.03355,0.0,0
390,231825.0,0.0568,0.0,0
391,231983.0,0.32125,0.0,0
392,232704.0,0.31805000000000005,0.0,0
393,233133.0,0.08145,0.0,0
394,234648.0,0.12585,0.0,0
395,235881.0,0.0114,0.0,0
396,236143.0,0.31995,0.0,0
397,236169.0,0.31994999999999996,0.0,0
398,236453.0,0.31994999999999996,0.0,0
399,236503.0,0.31994999999999996,0.0,0
400,236535.0,0.02065,0.0,0
401,236908.0,0.03945,0.0,0
402,237307.0,0.42905,0.0,0
403,237377.0,0.31995,0.0,0
404,238039.0,0.1213,0.0,0
405,238302.0,0.0685,0.0,0
406,238325.0,0.01885,0.0,0
407,238455.0,0.4695,0.0,0
408,238989.0,0.11645,0.0,0
409,240401.0,0.0357,0.0,0
410,241506.0,0.08745,0.0,0
411,241803.0,0.48695,0.0,0
412,242101.0,0.4473,0.0,0
413,242263.0,0.0202,0.0,0
414,242332.0,0.04505,0.0,0
415,243042.0,0.48695,0.0,0
416,243239.0,0.48695,0.0,0
417,244592.0,0.09945,0.0,0
418,246356.0,0.48745,0.0,0
419,247175.0,0.0574,0.0,0
420,247887.0,0.30255,0.0,0
421,248521.0,0.10675,0.0,0
422,249360.0,0.01875,0.0,0
423,249690.0,0.3343,0.0,0
424,250558.0,0.3344,0.0,0
425,250652.0,0.0138,0.0,0
426,251448.0,0.2334,0.0,0
427,251516.0,0.32085,0.0,0
428,251794.0,0.0202,0.03984799635797619,1
429,252256.0,0.21765,0.0,0
430,252375.0,0.01555,0.0,0
431,252568.0,0.11475,0.0,0
432,253799.0,0.11475,0.0,0
433,254401.0,0.0381,0.0,0
434,254756.0,0.01105,0.0,0
435,254785.0,0.11475000000000002,0.0,0
436,254946.0,0.4262,0.0,0
437,255181.0,0.4262,0.0,0
438,255677.0,0.4274,0.0,0
439,256056.0,0.11475,0.0,0
440,257146.0,0.0138,0.0,0
441,257455.0,0.4449,0.0,0
442,257691.0,0.0316,0.0,0
443,257900.0,0.4449,0.0,0
444,260037.0,0.05635,0.0,0
445,260148.0,0.04265,0.0,0
446,261286.0,0.44795,0.0,0
447,261395.0,0.02675,0.0,0
448,261658.0,0.09345,0.0,0
449,262451.0,0.09345000000000003,0.0,0
450,262656.0,0.0294,0.0,0
451,262780.0,0.09345,0.0,0
452,263386.0,0.04265,0.0,0
453,263397.0,0.09345,0.0,0
454,263453.0,0.0294,0.0,0
455,264031.0,0.09345,0.0,0
456,264052.0,0.09345,0.0,0
457,264184.0,0.4868,0.0,0
458,264286.0,0.0138,0.0,0
459,264587.0,0.09345,0.0,0
460,264635.0,0.18535,0.0,0
461,264837.0,0.09345,0.0,0
462,265403.0,0.19155,0.0,0
463,265992.0,0.04265,0.0,0
464,266019.0,0.0179,0.0,0
465,266162.0,0.02965,0.0,0
466,266746.0,0.0294,0.0,0
467,267522.0,0.16355,0.0,0
468,267551.0,0.16355,0.046873550716466,1
469,267880.0,0.1089,0.0,0
470,268549.0,0.0146,0.0,0
471,268608.0,0.1274,0.0,0
472,268763.0,0.0211,0.0,0
473,268764.0,0.16725,0.0,0
474,269147.0,0.16549999999999998,0.0,0
475,269445.0,0.0566,0.0,0
476,269692.0,0.01145,0.0,0
477,270552.0,0.03505,0.0,0
478,271433.0,0.1089,0.0,0
479,272926.0,0.0973,0.0,0
480,273001.0,0.05535,0.0,0
481,274408.0,0.28285,0.0,0
482,274738.0,0.09975,0.0,0
483,275858.0,0.05715,0.0,0
484,275976.0,0.09975,0.0,0
485,276179.0,0.01035,0.0,0
486,276793.0,0.1753,0.0,0
487,277119.0,0.07555,0.0,0
488,277496.0,0.01325,0.0,0
489,277846.0,0.01495,0.0,0
490,280155.0,0.01175,0.0,0
491,280703.0,0.011,0.0,0
492,280793.0,0.09975,0.0,0
493,280835.0,0.02015,0.0,0
494,280852.0,0.011,-0.04503002985986343,1
495,281067.0,0.0375,0.0,0
496,282802.0,0.0998,0.0,0
497,283458.0,0.07545,0.0,0
498,284157.0,0.33375,0.0,0
499,284173.0,0.44420000000000004,0.0,0
500,284586.0,0.44420000000000004,0.0,0
501,285217.0,0.1012,0.0,0
502,285417.0,0.01755,0.0,0
503,285754.0,0.24705,0.03677797300548096,1
504,285896.0,0.0162,0.0,0
505,285951.0,0.1348,0.0,0
506,286864.0,0.11225,0.0,0
507,287580.0,0.0998,0.0,0
508,287889.0,0.011,0.0,0
509,288081.0,0.4943,0.0,0
510,288724.0,0.4943,0.0,0
511,289477.0,0.0128,0.0,0
512,289622.0,0.011,0.0,0
513,289896.0,0.4943,0.0,0
514,290073.0,0.1095,0.008816094206826884,1
515,290473.0,0.2165,0.0,0
516,290860.0,0.116,0.0,0
517,291306.0,0.40535,0.0,0
518,291767.0,0.11614999999999998,0.0,0
519,292097.0,0.32775,-0.05093552754272906,1
520,292492.0,0.44425000000000003,0.0,0
521,292590.0,0.11615,0.0,0
522,292716.0,0.11615,0.0,0
523,293338.0,0.44425000000000003,0.0,0
524,293746.0,0.39085,0.0,0
525,293965.0,0.01575,0.0,0
526,294145.0,0.1449,0.0,0
527,294241.0,0.39085,0.0,0
528,294375.0,0.39085,0.0,0
529,294660.0,0.46425,0.06370429430207052,1
530,295077.0,0.4624,0.0,0
531,295471.0,0.46245,0.0,0
532,295626.0,0.0633,0.0,0
533,295714.0,0.39265,0.0,0
534,296131.0,0.011,0.0,0
535,296161.0,0.36285,0.0,0
536,296294.0,0.36395,0.0,0
537,296340.0,0.1114,0.0,0
538,296515.0,0.36395,0.0,0
539,296810.0,0.0161,0.0,0
540,297005.0,0.23975,0.0,0
541,297850.0,0.2424,0.0,0
542,299692.0,0.3214,0.0,0
543,299785.0,0.09965,0.0,0
544,300067.0,0.03025,0.0,0
545,301054.0,0.24235,0.0,0
546,301084.0,0.09265,0.0,0
547,301362.0,0.02345,0.0,0
548,301803.0,0.24555000000000005,0.0,0
549,301992.0,0.184,0.0,0
550,302466.0,0.24555,0.0,0
551,302735.0,0.24555000000000005,0.0,0
552,303057.0,0.09265,0.0,0
553,303770.0,0.4979,0.0,0
554,303873.0,0.012800000000000034,0.0,0
555,303923.0,0.012800000000000034,0.0,0
556,304151.0,0.012800000000000034,0.0,0
557,304187.0,0.08105,0.0,0
558,305289.0,0.05685,0.0,0
559,306122.0,0.0128,0.0,0
560,306248.0,0.0128,0.0,0
561,306259.0,0.3787,0.0,0
562,306287.0,0.3787,0.0,0
563,306437.0,0.1001,-0.07271447402575991,1
564,307063.0,0.25915,0.0,0
565,307220.0,0.37870000000000004,0.0,0
566,307608.0,0.45565,0.0,0
567,309301.0,0.3943,0.0,0
568,309625.0,0.35655,0.0,0
569,309848.0,0.39755,0.0,0
570,309981.0,0.3604,0.0,0
571,310081.0,0.15685,0.0,0
572,310841.0,0.08105,0.0,0
573,311166.0,0.3604,0.0,0
574,311264.0,0.0379,0.0,0
575,311350.0,0.0151,0.0,0
576,311822.0,0.1093,0.0,0
577,312112.0,0.01625,0.0,0
578,313394.0,0.17055,0.0,0
579,313511.0,0.2786,0.0,0
580,314151.0,0.17054999999999998,0.0,0
581,314219.0,0.17055,0.0,0
582,314991.0,0.17055,0.0,0
583,315298.0,0.17054999999999998,0.0,0
584,315350.0,0.17054999999999998,0.0,0
585,315617.0,0.17054999999999998,0.0,0
586,315666.0,0.17054999999999998,0.0,0
587,315798.0,0.1543,0.0,0
588,315804.0,0.17054999999999998,0.0,0
589,315856.0,0.17054999999999998,0.0,0
590,316090.0,0.02345,0.0,0
591,316118.0,0.43165,0.0,0
592,317105.0,0.15645,0.0,0
593,317186.0,0.02345,0.0,0
594,317359.0,0.4251,0.0,0
595,317418.0,0.1727,0.0,0
596,317655.0,0.03195,0.0,0
597,317706.0,0.15645,0.0,0
598,318873.0,0.0206,0.0,0
599,319046.0,0.0196,0.0,0
600,319070.0,0.12595,0.0,0
601,319172.0,0.027,0.0,0
602,319486.0,0.4058,0.0,0
603,319521.0,0.01315,0.0,0
604,319760.0,0.42205000000000004,0.0,0
605,320563.0,0.184,0.0,0
606,320569.0,0.4058,0.0,0
607,321011.0,0.40725,0.0,0
608,321451.0,0.1218,0.0,0
609,321468.0,0.4235,0.0,0
610,321486.0,0.4235,0.0,0
611,322613.0,0.41895,-0.0036015227287352924,1
612,322706.0,0.4192,0.0,0
613,322710.0,0.2064,0.0,0
614,323082.0,0.0204,0.0,0
615,323314.0,0.24455,0.0,0
616,323544.0,0.0327,0.0,0
617,324508.0,0.0936,0.0,0
618,325009.0,0.15045,0.0,0
619,325574.0,0.10335,0.0,0
620,326208.0,0.2118,0.0,0
621,326840.0,0.4911,0.0,0
622,326944.0,0.4911,0.0,0
623,328119.0,0.29375,0.0,0
624,328220.0,0.3,0.0,0
625,328770.0,0.37595,0.0,0
626,329147.0,0.48214999999999997,0.07635119407958198,1
627,329394.0,0.48215,0.0,0
628,330220.0,0.16165,0.0,0
629,330673.0,0.30025,0.0,0
630,331028.0,0.0327,0.0,0
631,331087.0,0.0913,0.0,0
632,331135.0,0.0152,0.0,0
633,331395.0,0.04485,0.0,0
634,331558.0,0.02975,0.0,0
635,331885.0,0.299,0.0,0
636,332292.0,0.07705,0.0,0
637,332501.0,0.2136,0.0,0
638,332542.0,0.27945,0.0,0
639,333057.0,0.214,0.0,0
640,333265.0,0.40675,0.0,0
641,333495.0,0.08125,0.0,0
642,333910.0,0.2791,0.0,0
643,334315.0,0.04485,0.0,0
644,334404.0,0.0265,0.0,0
645,334815.0,0.1246,0.0,0
646,334836.0,0.33745,0.0,0
647,334950.0,0.3329,0.0,0
648,335406.0,0.4929,0.0,0
649,335438.0,0.388,0.09351182909228384,1
650,336183.0,0.03,0.0,0
651,336455.0,0.2161,0.0,0
652,336457.0,0.08585,0.0,0
653,336540.0,0.072,0.0,0
654,336697.0,0.3879,0.0,0
655,337342.0,0.37175,0.0,0
656,337563.0,0.028,0.0,0
657,337775.0,0.37175,0.0,0
658,337787.0,0.1129,0.0,0
659,338100.0,0.14005,0.0,0
660,338121.0,0.03105,0.0,0
661,340303.0,0.01405,0.0,0
662,340809.0,0.0149,0.0,0
663,341293.0,0.01285,0.028577751933157855,1
664,342627.0,0.02345,0.0,0
665,342628.0,0.4316,0.0,0
666,342676.0,0.4316,0.0,0
667,342895.0,0.1244,0.0,0
668,342917.0,0.4312,0.0,0
669,342968.0,0.4312,0.0,0
670,343450.0,0.4312,0.0,0
671,344017.0,0.0149,0.0,0
672,344354.0,0.4314,0.0,0
673,344714.0,0.4314,0.0,0
674,344960.0,0.05055,0.0,0
675,345042.0,0.05055,0.0,0
676,345449.0,0.08055,0.0,0
677,345591.0,0.44665,0.0,0
678,346378.0,0.0319,0.0,0
679,347738.0,0.02395,0.0,0
680,347939.0,0.37865000000000004,0.0,0
681,350091.0,0.0163,0.0,0
682,350176.0,0.23555000000000004,0.0,0
683,350731.0,0.02765,0.0,0
684,350895.0,0.0107,0.0,0
685,352455.0,0.08445,0.0,0
686,352737.0,0.01,0.0,0
687,353201.0,0.02405,0.0,0
688,353404.0,0.0149,0.0,0
689,354638.0,0.0486,0.0,0
690,355944.0,0.0549,0.0,0
691,357503.0,0.04905,0.0,0
692,357913.0,0.04905,0.0,0
693,358236.0,0.19045,0.0,0
694,358529.0,0.0155,0.0,0
695,358622.0,0.03065,0.0,0
696,358814.0,0.02405,0.0,0
697,358903.0,0.30910000000000004,0.0,0
698,360235.0,0.28585,0.0,0
699,360766.0,0.0193,0.0,0
700,361144.0,0.0489,0.03363580237333837,1
701,361299.0,0.28005,0.0,0
702,361490.0,0.05045,0.0,0
703,362338.0,0.1904,0.0,0
704,362739.0,0.0277,0.0,0
705,363896.0,0.1906,0.0,0
706,363901.0,0.1906,0.0,0
707,364945.0,0.1247,0.0,0
708,365292.0,0.01805,0.01396883582499047,1
709,365465.0,0.05045,0.0,0
710,365717.0,0.37029999999999996,0.0,0
711,366085.0,0.2456,0.0,0
712,367742.0,0.1951,0.0,0
713,368742.0,0.4884,0.0,0
714,369038.0,0.26715,0.0,0
715,369076.0,0.0277,0.0,0
716,369229.0,0.03155,0.0,0
717,369833.0,0.0494,0.0,0
718,370249.0,0.24444999999999995,0.0,0
719,370341.0,0.0494,0.0,0
720,370364.0,0.02125,0.0,0
721,370714.0,0.0494,0.0,0
722,370821.0,0.0117,0.0,0
723,371716.0,0.1494,0.0,0
724,371954.0,0.1971,0.0,0
725,372452.0,0.01415,0.0,0
726,372919.0,0.21595,0.0,0
727,372940.0,0.2041,0.0,0
728,373273.0,0.0171,0.0,0
729,373752.0,0.1459,-0.11502017024200734,1
730,373864.0,0.02775,0.0,0
731,374177.0,0.0124,0.0,0
732,374672.0,0.0313,0.0,0
733,374686.0,0.23465,0.0,0
734,374717.0,0.0443,0.0,0
735,375671.0,0.0202,0.0,0
736,375891.0,0.4426,0.0,0
737,376000.0,0.0232,0.0,0
738,376022.0,0.4426,0.0,0
739,376056.0,0.4426,0.0,0
740,376241.0,0.1851,0.0,0
741,376476.0,0.4426,0.0,0
742,376501.0,0.4426,0.0,0
743,376625.0,0.462,0.0,0
744,376715.0,0.11105,0.0,0
745,376999.0,0.41835,0.0,0
746,377135.0,0.4706,0.0,0
747,377323.0,0.4706,0.0,0
748,377594.0,0.0171,0.0,0
749,378729.0,0.45865,0.0,0
750,378824.0,0.18115,0.0,0
751,378975.0,0.0341,0.0,0
752,379448.0,0.0261,0.0,0
753,379527.0,0.02315,0.0,0
754,379665.0,0.15505,0.0,0
755,379773.0,0.12165,0.0,0
756,380456.0,0.15505000000000002,0.0,0
757,380468.0,0.15505,0.0,0
758,380493.0,0.05215,0.0,0
759,380538.0,0.04375,0.0,0
760,380817.0,0.0171,0.0,0
761,381322.0,0.08835,0.0,0
762,381655.0,0.0317,0.0,0
763,382488.0,0.1104,0.0,0
764,383082.0,0.08495,0.0,0
765,383097.0,0.08494999999999997,0.0,0
766,383133.0,0.07935,0.0,0
767,383167.0,0.21195,0.0,0
768,383524.0,0.0171,0.0,0
769,384015.0,0.0171,0.0,0
770,384520.0,0.1104,0.0,0
771,384638.0,0.1239,0.0,0
772,385475.0,0.0595,0.0,0
773,385504.0,0.04495,0.0,0
774,385639.0,0.17355,0.0,0
775,385978.0,0.28415,0.0,0
776,386002.0,0.0595,0.0,0
777,386387.0,0.02255,0.0,0
778,387761.0,0.029,0.0,0
779,387915.0,0.0596,0.0,0
780,389206.0,0.0564,0.0,0
781,391173.0,0.029,-0.007397409227040329,1
782,391208.0,0.222,0.0,0
783,391301.0,0.1973,0.0,0
784,392155.0,0.07675,0.0,0
785,392232.0,0.1347,0.0,0
786,392417.0,0.1279,0.0,0
787,393176.0,0.0934,0.0,0
788,393418.0,0.26085,0.0,0
789,395151.0,0.1305,0.0,0
790,395396.0,0.01535,0.0,0
791,395593.0,0.02135,0.0,0
792,395923.0,0.07625,0.0,0
793,396233.0,0.029,0.0,0
794,397078.0,0.12749999999999995,0.0,0
795,397081.0,0.1275,0.010597864762426999,1
796,397434.0,0.1275,0.0,0
797,397717.0,0.02315,0.0,0
798,397852.0,0.1077,0.0,0
799,398101.0,0.1197,0.0,0
800,398604.0,0.0237,0.0,0
801,398746.0,0.20015,0.0,0
802,398884.0,0.0948,0.0,0
803,399227.0,0.0199,0.0,0
804,401134.0,0.0329,0.0,0
805,403632.0,0.277,-0.03910387156119586,1
806,404345.0,0.13025,0.0,0
807,405026.0,0.1204,-0.02125742428765383,1
808,405386.0,0.15565,0.0,0
809,405689.0,0.21945,0.0,0
810,406371.0,0.18725,0.0,0
811,406421.0,0.15035,0.0,0
812,406872.0,0.16175,0.0,0
813,407044.0,0.15035,0.0,0
814,407052.0,0.01635,0.0,0
815,407585.0,0.4083,0.0,0
816,407773.0,0.13285,0.0,0
817,408375.0,0.12875,0.0,0
818,408605.0,0.4083,0.0,0
819,409074.0,0.1325,0.025870209663289675,1
820,409240.0,0.0981,0.0,0
821,409841.0,0.01635,0.0,0
822,409982.0,0.1325,0.0,0
823,410144.0,0.2757,0.024305203470307086,1
824,410625.0,0.2786,0.0,0
825,410801.0,0.46405,0.0,0
826,410836.0,0.12465,0.0,0
827,411004.0,0.41125,0.0,0
828,411229.0,0.01925,0.0,0
829,411373.0,0.4245,0.0,0
830,411461.0,0.1599,0.0,0
831,411684.0,0.01635,0.0,0
832,412079.0,0.3648,0.0,0
833,412311.0,0.0205,0.0,0
834,412730.0,0.34275,-0.008215285023787247,1
835,412815.0,0.0126,0.0,0
836,412909.0,0.34275,0.0,0
837,413369.0,0.16885,0.0,0
838,413960.0,0.3575,0.0,0
839,414326.0,0.12975,0.0,0
840,414923.0,0.0278,0.0,0
841,415354.0,0.1711,0.0,0
842,416216.0,0.0274,0.0,0
843,416397.0,0.2895,0.0,0
844,416596.0,0.4218,0.0,0
845,417853.0,0.29864999999999997,0.0,0
846,418267.0,0.0193,0.0,0
847,418578.0,0.0205,0.0,0
848,418774.0,0.48265,0.0,0
849,419300.0,0.0801,0.0,0
850,419569.0,0.0801,0.08074639539877984,1
851,419771.0,0.25155,0.0,0
852,420147.0,0.151,0.0,0
853,420533.0,0.0801,0.0,0
854,420741.0,0.25615,0.0,0
855,420889.0,0.25615,0.0,0
856,421854.0,0.1882,0.0,0
857,421977.0,0.2561,0.0,0
858,422088.0,0.2561,0.0,0
859,422407.0,0.13185,0.0,0
860,422464.0,0.3198,0.0,0
861,424127.0,0.0244,0.0,0
862,424663.0,0.0801,0.0,0
863,424697.0,0.01765,0.0,0
864,425130.0,0.08015,0.0,0
865,425280.0,0.0801,0.0,0
866,425493.0,0.0801,0.0,0
867,425513.0,0.0801,0.0,0
868,425872.0,0.08009999999999995,0.0,0
869,426082.0,0.08015000000000005,0.0,0
870,426291.0,0.08015,-0.03941563034294929,1
871,426434.0,0.08015,0.0,0
872,426723.0,0.08015,0.0,0
873,426789.0,0.08015000000000005,0.0,0
874,427555.0,0.08015,0.0,0
875,428510.0,0.4601,0.0,0
876,429098.0,0.1561,0.0,0
877,429257.0,0.4601,0.0,0
878,429281.0,0.13715,0.0,0
879,429771.0,0.07865,-0.017730614622537177,1
880,430261.0,0.0184,0.0,0
881,430372.0,0.0247,0.0,0
882,430495.0,0.13715,0.0,0
883,431225.0,0.4094,0.0,0
884,431584.0,0.15055,0.0,0
885,432254.0,0.38025,0.0,0
886,433011.0,0.03535,0.0,0
887,433029.0,0.0247,0.0,0
888,433284.0,0.01345,0.0,0
889,433944.0,0.25715,0.0,0
890,433984.0,0.0751,0.0,0
891,434241.0,0.0751,0.0,0
892,434487.0,0.04815,0.0,0
893,434574.0,0.0207,0.0,0
894,435272.0,0.08455,0.0,0
895,435550.0,0.46825000000000006,0.0,0
896,435972.0,0.38425,0.0,0
897,436620.0,0.4697,0.0,0
898,436958.0,0.04855,0.0,0
899,437010.0,0.03545,0.0,0
900,438299.0,0.0139,0.0,0
901,438672.0,0.03495,0.0,0
902,439652.0,0.3064,0.0,0
903,439997.0,0.0534,0.0,0
904,440734.0,0.3464,0.008231991412027543,1
905,440735.0,0.18055,0.0,0
906,440780.0,0.2162,0.0,0
907,441176.0,0.3464,0.0,0
908,441302.0,0.0404,0.0,0
909,441404.0,0.0249,0.0,0
910,441870.0,0.01985,0.0,0
911,442127.0,0.1758,0.013427948430140738,1
912,442682.0,0.1819,0.0,0
913,442859.0,0.3285,0.0,0
914,445046.0,0.12725,0.0,0
915,446381.0,0.35240000000000005,0.0,0
916,446408.0,0.35240000000000005,0.0,0
917,447743.0,0.01765,0.0,0
918,448117.0,0.32785,0.0,0
919,448401.0,0.35035000000000005,0.0,0
920,448470.0,0.35035,0.0,0
921,448506.0,0.35035,0.0,0
922,448813.0,0.13025,0.0,0
923,449093.0,0.0705,0.0,0
924,449738.0,0.34955,0.0,0
925,450065.0,0.01985,0.0,0
926,450525.0,0.36160000000000003,0.0,0
927,450990.0,0.40605,0.0,0
928,451809.0,0.0159,0.0,0
929,451846.0,0.0201,0.0,0
930,452159.0,0.04605,0.0,0
931,452438.0,0.05055,0.0,0
932,453340.0,0.1152,-0.040022443838421864,1
933,453817.0,0.01785,0.0,0
934,453977.0,0.29215,0.0,0
935,455167.0,0.19415,0.0,0
936,455342.0,0.03345,0.0,0
937,455453.0,0.10365,0.0,0
938,455517.0,0.1073,0.0,0
939,455929.0,0.01765,0.0,0
940,456219.0,0.0473,0.0,0
941,456726.0,0.1152,0.0,0
942,456832.0,0.1152,0.0,0
943,457112.0,0.18835,0.0,0
944,457393.0,0.0644,0.0,0
945,458527.0,0.38134999999999997,0.0,0
946,459061.0,0.0642,0.0,0
947,459560.0,0.38759999999999994,0.0,0
948,459582.0,0.0584,0.0,0
949,460057.0,0.01005,0.04353727520933029,1
950,460310.0,0.01965,0.0,0
951,460624.0,0.08495,0.0,0
952,460938.0,0.2398,0.0,0
953,460953.0,0.05645,0.0,0
954,461305.0,0.2724,0.0,0
955,462022.0,0.39549999999999996,0.0,0
956,463760.0,0.01005,0.0,0
957,466102.0,0.33205,0.0,0
958,466739.0,0.05165,0.0,0
959,467230.0,0.0375,0.0,0
960,467900.0,0.014,-0.005449069963191734,1
961,467979.0,0.3238,0.0,0
962,469402.0,0.32385,0.0,0
963,469877.0,0.0243,0.0,0
964,470834.0,0.32385,0.0,0
965,471564.0,0.04295,0.0,0
966,471580.0,0.01835,0.0,0
967,472358.0,0.0383,0.0,0
968,473690.0,0.3228,0.0,0
969,474530.0,0.15859999999999996,0.0,0
970,474735.0,0.17400000000000004,0.0,0
971,474907.0,0.0236,0.0,0
972,475639.0,0.09185,0.0,0
973,475654.0,0.17400000000000004,0.0,0
974,475998.0,0.0306,0.0,0
975,476258.0,0.17400000000000004,0.0,0
976,476279.0,0.1586,0.0,0
977,477056.0,0.0236,0.0,0
978,477542.0,0.02845,0.0,0
979,478310.0,0.03555,0.0,0
980,480941.0,0.1066,0.0,0
981,481184.0,0.0201,0.0,0
982,482037.0,0.01525,0.0,0
983,482943.0,0.0132,0.0,0
984,483205.0,0.04945,0.0,0
985,483554.0,0.0168,0.0,0
986,483757.0,0.17295000000000005,0.0,0
987,483790.0,0.1235,0.0,0
988,484186.0,0.12325,0.0,0
989,484305.0,0.0472,0.0,0
990,484503.0,0.0467,0.0,0
991,484769.0,0.12965,0.0,0
992,484850.0,0.12965000000000004,0.0,0
993,484985.0,0.12965,0.0,0
994,485952.0,0.01375,0.0,0
995,486111.0,0.12905,0.0,0
996,486300.0,0.06945,0.0,0
997,486356.0,0.02845,0.0,0
998,486679.0,0.0889,0.0,0
999,487056.0,0.1617,0.0,0
1000,489051.0,0.20775,-0.08850750182811554,1
1001,489245.0,0.1128,0.0,0
1002,489394.0,0.03815,0.0,0
1003,489567.0,0.20755,0.0,0
1004,489744.0,0.20755,0.0,0
1005,490403.0,0.14485,0.0,0
1006,490568.0,0.19405,0.0,0
1007,490688.0,0.19404999999999994,0.0,0
1008,491393.0,0.19405,0.0,0
1009,491771.0,0.19404999999999994,0.0,0
1010,491967.0,0.0352,0.0,0
1011,492587.0,0.08179999999999998,0.02314338678828301,1
1012,492804.0,0.20904999999999996,0.0,0
1013,493798.0,0.1063,0.0,0
1014,493995.0,0.03145,0.0,0
1015,494246.0,0.04165,0.0,0
1016,494549.0,0.21075,0.0,0
1017,494693.0,0.21075,0.0,0
1018,495040.0,0.0421,0.0,0
1019,495767.0,0.1091,0.0,0
1020,496037.0,0.10275,0.0,0
1021,497873.0,0.0415,0.0,0
1022,497981.0,0.0482,0.0,0
1023,498664.0,0.11305,0.0,0
1024,498674.0,0.11305,0.0,0
1025,498939.0,0.14465,0.0,0
1026,499194.0,0.16125,0.0,0
1027,499219.0,0.16125,0.0,0
1028,499625.0,0.16125,0.0,0
1029,499844.0,0.15559999999999996,0.0,0
1030,500778.0,0.15855,0.0,0
1031,501001.0,0.10735,0.0,0
1032,501068.0,0.0352,0.0,0
1033,502032.0,0.05665,0.0,0
1034,502948.0,0.10735,0.0,0
1035,503341.0,0.11595,0.0,0
1036,503635.0,0.069,0.0,0
1037,505606.0,0.1222,0.0,0
1038,505935.0,0.0139,0.0,0
1039,506734.0,0.16544999999999999,0.0,0
1040,508965.0,0.0616,0.0,0
1041,509272.0,0.08255,0.0,0
1042,509560.0,0.0144,0.0,0
1043,509813.0,0.01805,0.0,0
1044,510669.0,0.029,0.0,0
1045,511608.0,0.0616,0.0,0
1046,512524.0,0.0616,0.0,0
1047,512685.0,0.15335,0.0,0
1048,512796.0,0.2731,0.0,0
1049,513042.0,0.13145,0.0,0
1050,513247.0,0.02845,0.0,0
1051,513475.0,0.3084,0.0,0
1052,514344.0,0.044,0.0,0
1053,516137.0,0.49855,0.0,0
1054,516190.0,0.0825,0.0,0
1055,517842.0,0.49855,0.0,0
1056,518579.0,0.03035,0.0,0
1057,518621.0,0.0149,0.0,0
1058,518868.0,0.01755,0.0,0
1059,519095.0,0.0263,0.0,0
1060,519618.0,0.01165,0.0,0
1061,520960.0,0.03639999999999999,0.0,0
1062,521111.0,0.01165,0.057147400364760674,1
1063,521417.0,0.498,0.0,0
1064,521973.0,0.06145,0.0,0
1065,522485.0,0.02235,0.0,0
1066,523223.0,0.0103,0.0,0
1067,524306.0,0.03035,0.0,0
1068,524560.0,0.0263,0.0,0
1069,524674.0,0.0614,0.0,0
1070,525760.0,0.11255,0.0,0
1071,525936.0,0.02555,0.0,0
1072,525950.0,0.10914999999999997,0.0,0
1073,526980.0,0.10060000000000002,0.0,0
1074,527009.0,0.05285,0.0,0
1075,528861.0,0.08435,0.0,0
1076,529363.0,0.0712,0.0,0
1077,529980.0,0.010299999999999976,0.0,0
1078,530107.0,0.0103,0.0,0
1079,530227.0,0.010299999999999976,0.0,0
1080,530650.0,0.35155000000000003,0.0,0
1081,531118.0,0.0103,0.0,0
1082,531411.0,0.0286,0.034391100401551564,1
1083,531634.0,0.3413,0.0,0
1084,532038.0,0.37565000000000004,0.0,0
1085,532280.0,0.34665,0.0,0
1086,532666.0,0.3462,0.0,0
1087,533040.0,0.2628,0.0,0
1088,533077.0,0.01985,0.0,0
1089,533148.0,0.0286,0.0,0
1090,533849.0,0.32335,0.0,0
1091,534651.0,0.02255,0.0,0
1092,536107.0,0.0801,0.0,0
1093,537000.0,0.1158,0.0,0
1094,537920.0,0.35315,0.0,0
1095,538568.0,0.04775,0.0012883387531589295,1
1096,538899.0,0.23135,0.0,0
1097,539140.0,0.04775,0.0,0
1098,539332.0,0.032,0.0,0
1099,540996.0,0.0192,0.0,0
1100,541407.0,0.04335,0.0,0
1101,542248.0,0.01065,0.0,0
1102,543252.0,0.0362,0.0,0
1103,545146.0,0.39095,0.0,0
1104,546027.0,0.0716,0.0,0
1105,546138.0,0.34125000000000005,0.0,0
1106,547166.0,0.0716,0.0,0
1107,547453.0,0.41300000000000003,0.0,0
1108,547515.0,0.413,0.0,0
1109,548339.0,0.41195000000000004,0.0,0
1110,548340.0,0.41195,0.0,0
1111,548510.0,0.0299,0.0,0
1112,548548.0,0.41195,0.0,0
1113,549215.0,0.41364999999999996,0.0,0
1114,549312.0,0.41365,0.0,0
1115,549783.0,0.41374999999999995,0.0,0
1116,549814.0,0.41374999999999995,0.0,0
1117,549818.0,0.03255,0.0,0
1118,550050.0,0.41525,0.0,0
1119,550256.0,0.41525,0.0,0
1120,550718.0,0.41495,0.0,0
1121,551061.0,0.07155,0.0,0
1122,551107.0,0.18975,0.0,0
1123,551340.0,0.39515,0.0,0
1124,551457.0,0.0314,0.0,0
1125,551675.0,0.39515,0.0,0
1126,553459.0,0.0253,0.0,0
1127,553546.0,0.01935,0.0,0
1128,553788.0,0.23565,0.0,0
1129,554095.0,0.08885,0.0,0
1130,554753.0,0.48939999999999995,0.0,0
1131,554867.0,0.4894,0.0,0
1132,555325.0,0.48325,0.0,0
1133,555598.0,0.02385,0.004434318273014065,1
1134,555821.0,0.24760000000000004,0.0,0
1135,555970.0,0.2476,0.0,0
1136,556005.0,0.24760000000000004,0.0,0
1137,556190.0,0.2476,0.0,0
1138,556526.0,0.03385,0.0,0
1139,556742.0,0.2475,0.0,0
1140,556970.0,0.2475,0.0,0
1141,557081.0,0.24750000000000005,0.0,0
1142,557107.0,0.1057,0.0,0
1143,557152.0,0.02135,0.0,0
1144,557633.0,0.25165000000000004,0.0,0
1145,557654.0,0.01045,0.0,0
1146,559057.0,0.01185,0.0,0
1147,559091.0,0.2315,0.0,0
1148,559823.0,0.0299,0.0,0
1149,559982.0,0.01935,0.0,0
1150,561196.0,0.01935,0.0,0
1151,562094.0,0.0421,0.0,0
1152,562370.0,0.19899999999999995,0.0,0
1153,563704.0,0.41069999999999995,0.0,0
1154,563957.0,0.07335,0.0,0
1155,563981.0,0.07335,0.0,0
1156,564099.0,0.44789999999999996,0.0,0
1157,564666.0,0.05925,0.0,0
1158,564975.0,0.1251,0.0,0
1159,565375.0,0.02575,0.0,0
1160,565408.0,0.1058,0.0,0
1161,566043.0,0.1604,0.0,0
1162,566740.0,0.0371,0.0,0
1163,566806.0,0.31615,0.0,0
1164,567000.0,0.10895,-0.047363921290161225,1
1165,567294.0,0.0143,0.0,0
1166,568803.0,0.0672,0.0,0
1167,569020.0,0.45565,0.0,0
1168,569305.0,0.06385,0.0,0
1169,569955.0,0.02365,0.0,0
1170,571031.0,0.06385,0.0,0
1171,571124.0,0.06385,0.0,0
1172,571300.0,0.06385,0.0,0
1173,571458.0,0.0893,0.0,0
1174,571902.0,0.0318,0.0,0
1175,572162.0,0.114,0.023942062690540677,1
1176,574992.0,0.0475,0.0,0
1177,575308.0,0.0475,0.0,0
1178,576810.0,0.1222,0.009606404084134837,1
1179,577752.0,0.17310000000000003,0.0,0
1180,577806.0,0.0186,0.0,0
1181,579324.0,0.17310000000000003,0.0,0
1182,579628.0,0.1222,0.0,0
1183,579724.0,0.35655,0.0,0
1184,580530.0,0.0227,0.0,0
1185,581410.0,0.03675,0.0,0
1186,583527.0,0.025,0.0,0
1187,585398.0,0.050799999999999956,0.0,0
1188,585527.0,0.01975,0.0,0
1189,585534.0,0.07485,0.0,0
1190,585848.0,0.050799999999999956,0.0,0
1191,586453.0,0.050799999999999956,0.0,0
1192,586711.0,0.01935,0.0,0
1193,586950.0,0.0474,0.0,0
1194,587954.0,0.0508,0.0,0
1195,588522.0,0.0508,0.0,0
1196,589858.0,0.0468,0.0,0
1197,590431.0,0.08615,0.0,0
1198,590958.0,0.12219999999999998,-0.09335239385350635,1
1199,591640.0,0.01655,0.0,0
1200,591786.0,0.0502,0.0,0
1201,592384.0,0.0468,0.0,0
1202,592714.0,0.23375,0.0,0
1203,593420.0,0.02775,0.0,0
1204,593659.0,0.04915,0.0,0
1205,594428.0,0.33405,0.0,0
1206,594653.0,0.02455,-0.03239601766041452,1
1207,595216.0,0.0326,0.0,0
1208,595738.0,0.19895,0.0,0
1209,596200.0,0.03645,0.0,0
1210,596463.0,0.25555,0.0,0
1211,596691.0,0.01475,0.0,0
1212,598601.0,0.01095,0.0,0
1213,598704.0,0.26005,0.09149686580323396,1
1214,599181.0,0.36455000000000004,0.0,0
1215,599357.0,0.3153,0.0,0
1216,599634.0,0.0351,0.0,0
1217,599646.0,0.3427,0.0,0
1218,599674.0,0.3427,0.0,0
1219,600477.0,0.01045,0.0,0
1220,601152.0,0.3427,0.0,0
1221,602180.0,0.01495,0.0,0
1222,602200.0,0.02775,0.0,0
1223,603621.0,0.30794999999999995,0.0,0
1224,603733.0,0.30794999999999995,0.0,0
1225,603803.0,0.0211,0.0,0
1226,603882.0,0.0335,0.0,0
1227,604002.0,0.0407,0.0,0
1228,604124.0,0.0264,0.0,0
1229,604218.0,0.30800000000000005,0.0,0
1230,605401.0,0.30784999999999996,0.0,0
1231,605549.0,0.0407,0.0,0
1232,606400.0,0.24660000000000004,0.014169550143601018,1
1233,606490.0,0.0258,0.0,0
1234,606663.0,0.0149,0.0,0
1235,607461.0,0.0378,-0.03188614466371644,1
1236,608144.0,0.1907,0.0,0
1237,608268.0,0.0106,0.0,0
1238,608433.0,0.0143,0.0,0
1239,608918.0,0.021,0.0,0
1240,608986.0,0.0484,0.0,0
1241,609452.0,0.0417,0.0,0
1242,609614.0,0.07835,0.0,0
1243,609792.0,0.09009999999999996,0.03873540323161135,1
1244,609908.0,0.0153,0.0,0
1245,611116.0,0.03835,0.0,0
1246,611227.0,0.1245,0.0,0
1247,611302.0,0.01985,0.0,0
1248,612462.0,0.0378,0.0,0
1249,612588.0,0.0255,0.0,0
1250,612803.0,0.0642,0.0,0
1251,613242.0,0.07835,0.0,0
1252,613483.0,0.0484,0.0,0
1253,613702.0,0.07835,0.0,0
1254,614563.0,0.01495,0.0,0
1255,614873.0,0.0484,0.0,0
1256,615951.0,0.0484,0.0,0
1257,617185.0,0.16264999999999996,0.048743715177495935,1
1258,617328.0,0.0684,0.0,0
1259,617341.0,0.07895,0.0,0
1260,618550.0,0.16049999999999998,0.0,0
1261,618726.0,0.1107,0.0,0
1262,619421.0,0.22109999999999996,0.0,0
1263,620330.0,0.1605,0.0,0
1264,621156.0,0.01645,0.0,0
1265,621255.0,0.22109999999999996,0.0,0
1266,621389.0,0.1605,0.0,0
1267,621690.0,0.16049999999999998,0.0,0
1268,623334.0,0.15825,0.0,0
1269,623847.0,0.15455,0.0,0
1270,624276.0,0.058050000000000046,0.0,0
1271,625251.0,0.02755,0.0,0
1272,625496.0,0.05805,0.0,0
1273,626329.0,0.10994999999999999,0.0,0
1274,627058.0,0.051899999999999946,0.0,0
1275,627337.0,0.04185,0.0,0
1276,628475.0,0.0144,0.0,0
1277,629878.0,0.1484,0.0,0
1278,630958.0,0.01385,0.0,0
1279,631677.0,0.08935000000000004,0.0,0
1280,632186.0,0.0182,0.0,0
1281,633745.0,0.09614999999999996,0.0,0
1282,633991.0,0.05425,0.0,0
1283,634604.0,0.05425000000000002,0.0,0
1284,634657.0,0.05425,0.0,0
1285,635034.0,0.05269999999999997,0.0,0
1286,635769.0,0.05269999999999997,0.0,0
1287,635816.0,0.1126,0.0,0
1288,636499.0,0.0527,0.0,0
1289,636972.0,0.05269999999999997,0.0,0
1290,637125.0,0.35895,0.0,0
1291,639194.0,0.09904999999999997,0.0,0
1292,639520.0,0.04685,-0.0036786249291418226,1
1293,639587.0,0.04685,0.0,0
1294,640276.0,0.41845,0.0,0
1295,640353.0,0.41845,-0.05191834877620865,1
1296,640576.0,0.0522,0.0,0
1297,640884.0,0.4646,0.0,0
1298,642572.0,0.0144,0.0,0
1299,643021.0,0.03995,0.0,0
1300,643165.0,0.26715,0.0,0
1301,643316.0,0.20945,0.0,0
1302,643529.0,0.2599,0.0,0
1303,643588.0,0.2618,0.0,0
1304,643610.0,0.05045,0.0,0
1305,643635.0,0.05045,0.0,0
1306,644050.0,0.09045000000000003,0.0,0
1307,644263.0,0.2599,0.0,0
1308,644426.0,0.05045,0.0,0
1309,644531.0,0.05045,0.0,0
1310,644959.0,0.05275,0.0,0
1311,645243.0,0.1701,0.0,0
1312,645674.0,0.48845,0.0,0
1313,645844.0,0.05045,0.0,0
1314,646527.0,0.0288,0.0,0
1315,646872.0,0.04,0.0,0
1316,647480.0,0.0428,0.0,0
1317,647981.0,0.04095,0.0,0
1318,648591.0,0.04279999999999995,0.0,0
1319,648843.0,0.0428,0.0,0
1320,649064.0,0.0428,0.0,0
1321,649150.0,0.04279999999999995,0.0,0
1322,649155.0,0.3293,0.0,0
1323,649323.0,0.03535,0.0,0
1324,649338.0,0.08279999999999998,0.0,0
1325,649727.0,0.0811,0.0,0
1326,649752.0,0.0811,0.0,0
1327,650381.0,0.0811,0.0,0
1328,650841.0,0.23870000000000002,0.0,0
1329,650927.0,0.2387,0.0,0
1330,651044.0,0.0383,0.0,0
1331,651231.0,0.23870000000000002,0.0,0
1332,651466.0,0.24075,0.0,0
1333,651506.0,0.24075,0.0,0
1334,652069.0,0.01455,0.0,0
1335,652174.0,0.08825,0.0,0
1336,652258.0,0.43265,0.0,0
1337,652614.0,0.04485,0.0,0
1338,653728.0,0.3888,0.0,0
1339,653808.0,0.04485,0.0,0
1340,655150.0,0.01015,0.0,0
1341,656030.0,0.4051,0.0,0
1342,656120.0,0.01775,0.0,0
1343,657331.0,0.1901,0.0,0
1344,658991.0,0.0335,0.0,0
1345,659441.0,0.46940000000000004,0.0,0
1346,660121.0,0.0335,0.0,0
1347,660298.0,0.0871,0.0,0
1348,660304.0,0.19925,0.0,0
1349,660321.0,0.2782,0.0,0
1350,660525.0,0.03045,0.0,0
1351,660994.0,0.0627,0.0,0
1352,661616.0,0.02815,0.0,0
1353,662551.0,0.3195,0.0,0
1354,662974.0,0.03075,0.0,0
1355,662997.0,0.2588,0.0,0
1356,664101.0,0.0507,0.0,0
1357,664184.0,0.24824999999999997,0.0,0
1358,665568.0,0.0113,0.0,0
1359,666001.0,0.2148,0.0,0
1360,666126.0,0.01895,0.0,0
1361,666174.0,0.2148,0.0,0
1362,666398.0,0.1607,0.0,0
1363,666465.0,0.2638,0.0,0
1364,666618.0,0.22095,0.0,0
1365,667313.0,0.0144,0.0,0
1366,667932.0,0.22115,0.0,0
1367,668084.0,0.01325,0.0,0
1368,668967.0,0.22485,0.0,0
1369,669271.0,0.24695,0.0,0
1370,670313.0,0.223,0.0,0
1371,670771.0,0.07185,0.0,0
1372,671101.0,0.22719999999999996,0.0,0
1373,671335.0,0.03465,0.0,0
1374,671473.0,0.08595,0.0,0
1375,672674.0,0.23015,0.0,0
1376,673333.0,0.0129,0.0,0
1377,673701.0,0.077,0.0,0
1378,674226.0,0.03225,0.0,0
1379,675035.0,0.0167,0.0,0
1380,675872.0,0.19565,0.0,0
1381,676462.0,0.2636,0.0,0
1382,676621.0,0.17085,0.0,0
1383,677120.0,0.04265,0.0,0
1384,678447.0,0.2538,0.0,0
1385,679600.0,0.29,0.0,0
1386,679698.0,0.40375,0.0,0
1387,680365.0,0.1567,0.0,0
1388,680372.0,0.0852,0.0,0
1389,680716.0,0.1567,0.0,0
1390,681268.0,0.2556,0.12827699046151547,1
1391,681298.0,0.2556,0.0,0
1392,681371.0,0.14975,0.0,0
1393,682016.0,0.0644,0.0,0
1394,682621.0,0.0873,0.0,0
1395,682702.0,0.2405,0.0,0
1396,683315.0,0.0595,0.0,0
1397,684617.0,0.1396,0.0,0
1398,684975.0,0.1396,0.0,0
1399,684996.0,0.13959999999999995,0.0,0
1400,685768.0,0.13935,0.0,0
1401,686255.0,0.0308,0.0,0
1402,686617.0,0.01965,0.0,0
1403,686638.0,0.0217,0.0,0
1404,686733.0,0.13935,0.0,0
1405,687238.0,0.0893,0.0,0
1406,687413.0,0.1709,0.0,0
1407,687423.0,0.0126,0.0,0
1408,687812.0,0.3969,0.0,0
1409,688384.0,0.352,0.0,0
1410,689404.0,0.0217,0.0,0
1411,690544.0,0.07365,0.0,0
1412,690737.0,0.0311,0.0,0
1413,691682.0,0.1698,0.015522836932581175,1
1414,691723.0,0.034,0.0,0
1415,692075.0,0.0126,0.0,0
1416,693160.0,0.0217,0.0,0
1417,693726.0,0.01685,0.0,0
1418,693814.0,0.0449,0.0,0
1419,694258.0,0.0426,0.0,0
1420,694690.0,0.14615,0.0,0
1421,696391.0,0.3686,0.0,0
1422,696471.0,0.2694,0.0,0
1423,697234.0,0.03215,0.0,0
1424,697392.0,0.06665,0.0,0
1425,697929.0,0.4971,0.0,0
1426,698928.0,0.01405,0.0,0
1427,699856.0,0.46975,0.0,0
1428,702679.0,0.0144,0.0,0
1429,703248.0,0.02325,0.0,0
1430,703315.0,0.337,0.0,0
1431,703424.0,0.0112,0.0,0
1432,705007.0,0.0131,0.0,0
1433,705649.0,0.44720000000000004,0.0,0
1434,705850.0,0.4472,0.0,0
1435,706963.0,0.3485,0.0,0
1436,706989.0,0.3485,0.0,0
1437,707980.0,0.04225,0.0,0
1438,708808.0,0.03265,0.0,0
1439,709251.0,0.41154999999999997,0.0,0
1440,709486.0,0.3449,0.0,0
1441,709516.0,0.4115,0.0,0
1442,709723.0,0.0708,0.0,0
1443,711320.0,0.0879,0.0,0
1444,712283.0,0.01405,0.0,0
1445,712771.0,0.04795,0.0,0
1446,713301.0,0.0107,0.0,0
1447,713322.0,0.41975,0.0,0
1448,713354.0,0.41975,0.0,0
1449,714186.0,0.41975,0.0,0
1450,716532.0,0.0175,0.0,0
1451,716873.0,0.01485,-0.18224954759383025,1
1452,717609.0,0.04535,0.0,0
1453,718070.0,0.07795,-0.02772814769761785,1
1454,719471.0,0.17390000000000005,0.0,0
1455,719592.0,0.04245,0.0,0
1456,719811.0,0.0559,0.0,0
1457,720756.0,0.1739,0.0,0
1458,720845.0,0.07,0.0,0
1459,721291.0,0.0316,0.0,0
1460,722180.0,0.017,0.0,0
1461,722434.0,0.04245,0.0,0
1462,723813.0,0.1748,0.0,0
1463,726102.0,0.0203,0.0,0
1464,726707.0,0.08605,0.0,0
1465,726762.0,0.34685,0.0,0
1466,727436.0,0.4146,0.0,0
1467,727807.0,0.012,0.0,0
1468,728581.0,0.2357,0.0,0
1469,729271.0,0.39125,0.0,0
1470,731569.0,0.2661,0.0,0
1471,732038.0,0.02505,0.0,0
1472,732470.0,0.05279999999999996,0.0,0
1473,732864.0,0.35945,0.0,0
1474,733897.0,0.0203,0.0,0
1475,734599.0,0.03525,0.0,0
1476,734985.0,0.38035,0.0,0
1477,736008.0,0.01485,0.0,0
1478,737303.0,0.4769,0.0,0
1479,737946.0,0.2693,0.0,0
1480,738086.0,0.2693,0.0,0
1481,738338.0,0.02975,0.0,0
1482,739577.0,0.0454,0.05564077820158242,1
1483,739705.0,0.0317,0.0,0
1484,739971.0,0.09595,0.0,0
1485,741219.0,0.2519,0.0,0
1486,741474.0,0.0119,0.0,0
1487,742813.0,0.16975,0.0,0
1488,743527.0,0.0165,0.0,0
1489,743584.0,0.0365,0.0,0
1490,744756.0,0.01315,0.0,0
1491,745358.0,0.0457,0.0,0
1492,746523.0,0.26925,0.0,0
1493,746634.0,0.36645,0.0,0
1494,746734.0,0.26925,0.0,0
1495,746775.0,0.01405,0.0,0
1496,747233.0,0.2186,0.0,0
1497,747325.0,0.26925,0.0,0
1498,747586.0,0.2186,0.0,0
1499,747831.0,0.26925,0.0,0
1500,748265.0,0.01365,0.0,0
1501,748396.0,0.26925,0.0,0
1502,748843.0,0.0539,0.0,0
1503,750773.0,0.08425,0.0,0
1504,751551.0,0.01325,0.0,0
1505,752496.0,0.0179,0.0,0
1506,753104.0,0.01105,0.0,0
1507,753303.0,0.03835,0.0,0
1508,753410.0,0.02045,0.0,0
1509,754273.0,0.45940000000000003,0.0,0
1510,755452.0,0.01525,0.0,0
1511,756752.0,0.0594,0.0,0
1512,756920.0,0.26535,0.0,0
1513,757467.0,0.0818,0.0,0
1514,758515.0,0.0151,0.0,0
1515,759086.0,0.47450000000000003,0.0,0
1516,759706.0,0.02925,0.0,0
1517,760024.0,0.22545,0.0,0
1518,760258.0,0.0239,0.0,0
1519,761933.0,0.0382,0.0,0
1520,762802.0,0.03395,0.0,0
1521,763445.0,0.01315,0.0,0
1522,764367.0,0.03665,0.0,0
1523,764654.0,0.06085,0.0,0
1524,765313.0,0.03415,0.0,0
1525,765681.0,0.0156,0.0,0
1526,766504.0,0.0468,0.0,0
1527,766674.0,0.0476,0.0,0
1528,767069.0,0.01395,0.0,0
1529,767091.0,0.06695,0.0,0
1530,767817.0,0.0411,0.0,0
1531,767965.0,0.11665,0.0,0
1532,768123.0,0.0106,0.0,0
1533,768543.0,0.01305,0.0,0
1534,769177.0,0.01375,0.0,0
1535,769228.0,0.01455,0.0,0
1536,770094.0,0.0304,0.0,0
1537,770286.0,0.1916,0.0,0
1538,770681.0,0.1916,0.0,0
1539,770729.0,0.04269999999999996,0.024311925125894432,1
1540,771377.0,0.0341,0.0,0
1541,771956.0,0.39564999999999995,0.0,0
1542,772494.0,0.0225,0.0,0
1543,772827.0,0.0256,0.0,0
1544,772878.0,0.0341,0.0,0
1545,773177.0,0.02295,0.0,0
1546,773392.0,0.02885,0.0,0
1547,773507.0,0.05715,0.0,0
1548,773947.0,0.06985,0.0,0
1549,775028.0,0.1411,0.0,0
1550,775492.0,0.0742,0.0,0
1551,775845.0,0.0191,0.0,0
1552,776190.0,0.0466,0.0,0
1553,777971.0,0.03785,0.0,0
1554,780450.0,0.01235,0.0,0
1555,780520.0,0.24460000000000004,0.0,0
1556,782273.0,0.2446,0.0,0
1557,782328.0,0.04545,0.017697226088586416,1
1558,782581.0,0.45185,0.0,0
1559,783486.0,0.04145,0.0,0
1560,783617.0,0.1796,0.0,0
1561,783651.0,0.3035,0.0,0
1562,783857.0,0.44775,0.0,0
1563,783996.0,0.0388,0.0,0
1564,785380.0,0.01255,0.0,0
1565,785901.0,0.02115,0.0,0
1566,785946.0,0.0708,0.0,0
1567,786326.0,0.44795,0.0,0
1568,786504.0,0.01255,0.0,0
1569,787003.0,0.44795,0.0,0
1570,787070.0,0.02115,0.0,0
1571,787120.0,0.44795,0.0,0
1572,787295.0,0.1237,0.0,0
1573,787555.0,0.0708,0.0,0
1574,787709.0,0.01425,0.0,0
1575,788300.0,0.04845,0.0,0
1576,788351.0,0.4454,0.0,0
1577,788647.0,0.4372,0.0,0
1578,789940.0,0.0319,0.0,0
1579,790102.0,0.44675,0.0,0
1580,791208.0,0.0252,0.0,0
1581,791612.0,0.3615,0.0,0
1582,792005.0,0.15575,0.0,0
1583,792043.0,0.3416,0.0,0
1584,792592.0,0.3644,0.0,0
1585,792873.0,0.0121,0.0,0
1586,793263.0,0.0392,0.0,0
1587,793719.0,0.1828,0.0,0
1588,794401.0,0.01315,0.0,0
1589,796717.0,0.48105,0.0,0
1590,797400.0,0.01345,0.0,0
1591,797475.0,0.0107,0.0,0
1592,797637.0,0.26745,0.0,0
1593,797676.0,0.2549,0.0,0
1594,797916.0,0.0269,0.0,0
1595,798237.0,0.47595,0.0,0
1596,798527.0,0.2556,0.0,0
1597,798903.0,0.47595,0.0,0
1598,799054.0,0.37085,0.0,0
1599,799817.0,0.0109,0.0,0
1600,800130.0,0.4528,0.0,0
1601,800274.0,0.3132,0.0,0
1602,800465.0,0.0487,0.0,0
1603,800606.0,0.23215,0.0,0
1604,802210.0,0.08415,0.0,0
1605,802293.0,0.0232,-0.005953695750702234,1
1606,803946.0,0.4044,0.0,0
1607,804291.0,0.0368,0.0,0
1608,804378.0,0.21215,0.0,0
1609,805350.0,0.4044,0.0,0
1610,805658.0,0.4044,0.0,0
1611,806126.0,0.04785,0.0,0
1612,806364.0,0.04785,0.0,0
1613,806482.0,0.0128,0.0,0
1614,806770.0,0.2236,0.0,0
1615,806940.0,0.0145,0.0,0
1616,807105.0,0.0409,0.0,0
1617,807347.0,0.3725,0.0,0
1618,807684.0,0.3992,0.0,0
1619,808395.0,0.0525,0.0,0
1620,808598.0,0.02325,0.0,0
1621,810065.0,0.02515,0.0,0
1622,810137.0,0.0992,0.0,0
1623,811335.0,0.3938,0.0,0
1624,811349.0,0.01075,0.0,0
1625,811853.0,0.3938,0.0,0
1626,812620.0,0.0522,-0.01775292140942031,1
1627,813591.0,0.0146,0.0,0
1628,814469.0,0.05625,0.0,0
1629,814529.0,0.0421,0.0,0
1630,814574.0,0.12895,0.0,0
1631,814749.0,0.4413,0.0,0
1632,815313.0,0.0257,0.0,0
1633,815685.0,0.0394,0.0,0
1634,816247.0,0.1099,0.0,0
1635,818498.0,0.0555,0.0,0
1636,818850.0,0.0438,-0.044756248893181076,1
1637,818871.0,0.06115,0.0,0
1638,819015.0,0.0214,0.0,0
1639,819211.0,0.13055000000000005,0.0,0
1640,819524.0,0.10375,0.0,0
1641,819778.0,0.0443,0.0,0
1642,820171.0,0.14135,0.0,0
1643,820727.0,0.02305,0.0,0
1644,822045.0,0.04145,0.0,0
1645,824029.0,0.08575,0.0,0
1646,824127.0,0.36095,0.0,0
1647,824879.0,0.0931,0.0,0
1648,825065.0,0.0146,0.0,0
1649,827507.0,0.2409,0.0,0
1650,827671.0,0.2409,0.0,0
1651,828067.0,0.0106,0.0,0
1652,828077.0,0.2409,0.0,0
1653,828249.0,0.0381,0.0,0
1654,829108.0,0.0333,0.0,0
1655,829763.0,0.24550000000000005,0.0,0
1656,829933.0,0.2455,0.0,0
1657,830096.0,0.07115,0.0,0
1658,832728.0,0.4419,0.0,0
1659,832786.0,0.011,0.0,0
1660,833703.0,0.0796,0.0,0
1661,833914.0,0.35665,0.0,0
1662,833921.0,0.35665,0.0,0
1663,833929.0,0.0146,0.0,0
1664,835387.0,0.084,0.0,0
1665,835465.0,0.03905,0.0,0
1666,835521.0,0.1915,0.0,0
1667,836065.0,0.0242,0.0,0
1668,836412.0,0.05,0.0,0
1669,836869.0,0.028,0.0,0
1670,838725.0,0.0575,0.0,0
1671,838891.0,0.0146,0.0,0
1672,839090.0,0.03865,0.0,0
1673,839180.0,0.028,0.0,0
1674,839790.0,0.06255,0.0,0
1675,840862.0,0.02785,0.0,0
1676,841556.0,0.13735,0.0,0
1677,841848.0,0.17895,0.0,0
1678,842204.0,0.10185,0.0,0
1679,843594.0,0.07925,0.0,0
1680,843747.0,0.0325,0.0,0
1681,843817.0,0.07955,0.0,0
1682,844690.0,0.105,0.0,0
1683,844739.0,0.17695,0.0,0
1684,844998.0,0.2528,0.016573716827207218,1
1685,845206.0,0.07585,0.0,0
1686,845860.0,0.17705,0.0,0
1687,846483.0,0.07615,0.0,0
1688,848897.0,0.04955,0.0,0
1689,849308.0,0.4106,0.0,0
1690,851824.0,0.01355,0.0,0
1691,852238.0,0.17945,0.0,0
1692,852314.0,0.17945,0.0,0
1693,852876.0,0.17945,0.0,0
1694,853234.0,0.0898,0.0,0
1695,854220.0,0.23085,0.0,0
1696,854317.0,0.19655,0.0,0
1697,855548.0,0.1781,0.0,0
1698,855608.0,0.18135,0.0,0
1699,856477.0,0.1781,0.0,0
1700,857881.0,0.03815,0.0,0
1701,858006.0,0.0286,0.0,0
1702,858039.0,0.0961,0.0,0
1703,858754.0,0.14959999999999996,0.0,0
1704,858807.0,0.0143,0.0,0
1705,859002.0,0.03815,0.0,0
1706,859632.0,0.0114,0.0,0
1707,859876.0,0.223,0.0,0
1708,860606.0,0.1727,0.0,0
1709,860684.0,0.0495,0.0,0
1710,861180.0,0.17305,0.0,0
1711,861650.0,0.0495,0.0,0
1712,861774.0,0.14185,0.0,0
1713,862256.0,0.0286,0.0,0
1714,862802.0,0.0108,0.0,0
1715,863515.0,0.0381,0.0,0
1716,863587.0,0.42410000000000003,0.0,0
1717,863793.0,0.4241,0.0,0
1718,864775.0,0.18784999999999996,0.015472007052824166,1
1719,864938.0,0.08975,0.0,0
1720,865134.0,0.2262,0.0703831069211182,1
1721,865268.0,0.0286,0.0,0
1722,865342.0,0.0981,0.0,0
1723,865709.0,0.2401,0.0,0
1724,866286.0,0.0106,0.0,0
1725,866853.0,0.2279,0.0,0
1726,867518.0,0.22475,0.0,0
1727,867770.0,0.02985,0.0,0
1728,868323.0,0.0233,-0.06760131234182469,1
1729,868723.0,0.0255,0.0,0
1730,869546.0,0.1053,-0.019329511660635894,1
1731,870487.0,0.1053,0.0,0
1732,870628.0,0.1328,0.0,0
1733,870952.0,0.01245,0.0,0
1734,871078.0,0.08975,0.0,0
1735,871249.0,0.38595,0.0,0
1736,871622.0,0.05425,0.0,0
1737,871841.0,0.0397,0.0,0
1738,872220.0,0.13415,0.0,0
1739,872239.0,0.0255,0.0,0
1740,872594.0,0.13415,0.0,0
1741,872818.0,0.1321,0.0,0
1742,873210.0,0.12915,0.0,0
1743,873762.0,0.0108,0.0,0
1744,874120.0,0.0482,0.0,0
1745,874180.0,0.13215,0.0,0
1746,874204.0,0.12915,0.0,0
1747,874826.0,0.10565,0.0,0
1748,874829.0,0.0309,0.0,0
1749,875136.0,0.15165,0.0,0
1750,875373.0,0.10565000000000002,0.0,0
1751,876353.0,0.0187,0.0,0
1752,877026.0,0.03975,0.0,0
1753,877150.0,0.04025,0.0,0
1754,877156.0,0.0309,0.0,0
1755,877267.0,0.01215,0.0,0
1756,877280.0,0.13695,0.0,0
1757,877561.0,0.1937,0.0,0
1758,877598.0,0.13695,0.0,0
1759,877755.0,0.0242,0.0,0
1760,878165.0,0.0788,0.0,0
1761,878565.0,0.26675,0.0,0
1762,878702.0,0.03645,0.0,0
1763,878736.0,0.0427,0.0,0
1764,878884.0,0.0542,0.0,0
1765,878985.0,0.1213,0.0,0
1766,879706.0,0.01185,0.0,0
1767,881137.0,0.0397,0.0,0
1768,881536.0,0.2356,0.0,0
1769,881587.0,0.0403,0.0,0
1770,882908.0,0.0233,0.0,0
1771,883464.0,0.2097,0.0,0
1772,883933.0,0.06989999999999996,0.0,0
1773,884237.0,0.01185,0.0,0
1774,884434.0,0.02165,0.0,0
1775,884732.0,0.43069999999999997,0.0,0
1776,887578.0,0.04465,0.0,0
1777,888061.0,0.1477,0.023940203546046035,1
1778,888433.0,0.0361,0.0,0
1779,889515.0,0.41945,0.0,0
1780,890664.0,0.01555,0.0,0
1781,891096.0,0.01915,0.0,0
1782,891240.0,0.23535,0.0,0
1783,892111.0,0.1291,0.0,0
1784,893362.0,0.12045,0.0,0
1785,893660.0,0.2183,0.0,0
1786,893924.0,0.37305,0.0,0
1787,893969.0,0.0233,0.0,0
1788,894153.0,0.23475,0.0,0
1789,894467.0,0.0233,0.0,0
1790,895148.0,0.01685,0.0,0
1791,897227.0,0.23619999999999997,0.0,0
1792,898682.0,0.0113,0.0,0
1793,898824.0,0.0233,0.0,0
1794,898992.0,0.2116,0.0,0
1795,900212.0,0.14515,0.0,0
1796,900486.0,0.0847,-0.03368837370330396,1
1797,903420.0,0.03595,0.0,0
1798,904490.0,0.152,0.0,0
1799,904754.0,0.0789,0.0,0
1800,905396.0,0.4289,0.0,0
1801,905540.0,0.0216,0.0,0
1802,905668.0,0.39275,0.0,0
1803,906823.0,0.11885,0.0,0
1804,907387.0,0.2543,0.0,0
1805,907951.0,0.22235,0.0,0
1806,908705.0,0.4122,0.0,0
1807,908931.0,0.0139,0.0,0
1808,909100.0,0.06845,0.0,0
1809,909333.0,0.0511,0.0,0
1810,909388.0,0.01565,0.0,0
1811,910370.0,0.15585,0.0,0
1812,910807.0,0.2115,0.0,0
1813,911062.0,0.2374,0.0,0
1814,912557.0,0.1962,0.0,0
1815,912992.0,0.21865,0.0,0
1816,913128.0,0.04685,0.0,0
1817,914414.0,0.119,0.0,0
1818,914890.0,0.19835000000000003,0.0,0
1819,915423.0,0.19835000000000003,0.0,0
1820,916011.0,0.19835000000000003,0.0,0
1821,916028.0,0.19835,0.0,0
1822,916165.0,0.19835,0.0,0
1823,919231.0,0.07735,0.0,0
1824,920859.0,0.0221,0.0,0
1825,921391.0,0.069,0.0,0
1826,922395.0,0.04295,0.0,0
1827,922683.0,0.0179,0.0,0
1828,922692.0,0.01585,0.0,0
1829,922787.0,0.02265,0.0,0
1830,925361.0,0.02465,0.03974855690692411,1
1831,926691.0,0.04075,0.0,0
1832,928160.0,0.04345,0.0,0
1833,928730.0,0.09745,0.0,0
1834,928959.0,0.0109,0.0,0
1835,929377.0,0.0141,0.0,0
1836,930798.0,0.0592,0.0,0
1837,931659.0,0.07335,0.0,0
1838,932477.0,0.1233,0.0,0
1839,935481.0,0.01855,0.0,0
1840,935757.0,0.23255000000000003,0.0,0
1841,936513.0,0.0305,0.0,0
1842,936710.0,0.0101,0.0,0
1843,937184.0,0.0109,0.0,0
1844,937195.0,0.014,0.0,0
1845,939814.0,0.1274,0.0,0
1846,939831.0,0.21555,0.0,0
1847,939954.0,0.0102,0.0,0
1848,939975.0,0.36135,0.0,0
1849,940802.0,0.30895,0.0,0
1850,941336.0,0.02675,0.0,0
1851,941726.0,0.0878,0.0,0
1852,941852.0,0.0276,0.0,0
1853,942762.0,0.0384,0.0,0
1854,944615.0,0.4615,0.0,0
1855,945020.0,0.1274,0.0,0
1856,945789.0,0.0109,0.0,0
1857,945852.0,0.3722,0.0,0
1858,946345.0,0.08795,0.0,0
1859,946397.0,0.12945,0.0,0
1860,946680.0,0.05945,0.0,0
1861,946991.0,0.04745,0.0,0
1862,947165.0,0.0417,0.0,0
1863,948613.0,0.01415,0.0,0
1864,949755.0,0.0924,0.0,0
1865,950139.0,0.13134999999999997,0.0,0
1866,950465.0,0.13134999999999997,0.0,0
1867,950711.0,0.13134999999999997,0.0,0
1868,950727.0,0.13135,0.0,0
1869,950852.0,0.0924,0.0,0
1870,951427.0,0.14755,0.0,0
1871,951749.0,0.0431,0.0,0
1872,952367.0,0.1314,0.0,0
1873,952457.0,0.1314,0.0,0
1874,953462.0,0.17315000000000003,0.0,0
1875,953954.0,0.13005,0.0,0
1876,954895.0,0.4667,0.0,0
1877,955248.0,0.13005,0.0,0
1878,955300.0,0.0149,0.0,0
1879,956150.0,0.17395000000000005,0.0,0
1880,956196.0,0.13085,0.0,0
1881,956220.0,0.13085000000000002,0.0,0
1882,957341.0,0.13085000000000002,0.0,0
1883,957529.0,0.03845,0.0,0
1884,957783.0,0.37975000000000003,0.0,0
1885,957865.0,0.1312,0.0,0
1886,958826.0,0.38405,0.0,0
1887,958850.0,0.38405,0.0,0
1888,959501.0,0.0141,0.0,0
1889,960012.0,0.0136,0.0,0
1890,960148.0,0.0571,0.0,0
1891,960311.0,0.0453,0.0,0
1892,960432.0,0.04985,0.0,0
1893,961143.0,0.05545,-0.06069680864951246,1
1894,961273.0,0.22425,0.0,0
1895,961644.0,0.3941,0.0,0
1896,961869.0,0.3941,0.0,0
1897,961992.0,0.03895,0.0,0
1898,962352.0,0.3941,0.0,0
1899,963134.0,0.01935,0.0,0
1900,963168.0,0.15395,0.0,0
1901,963926.0,0.15395,0.0,0
1902,964742.0,0.09025,0.0,0
1903,965108.0,0.33945,0.0,0
1904,966042.0,0.42400000000000004,0.0,0
1905,966281.0,0.0641,0.0,0
1906,967291.0,0.12455,0.0,0
1907,967305.0,0.4883,0.0,0
1908,969189.0,0.44165,0.0,0
1909,969461.0,0.10175,0.0,0
1910,969969.0,0.015,0.0,0
1911,971032.0,0.26705,0.0,0
1912,971476.0,0.03765,0.0,0
1913,971537.0,0.4357,0.0,0
1914,972364.0,0.1612,0.0,0
1915,972474.0,0.03895,0.0,0
1916,972496.0,0.1728,0.0,0
1917,972672.0,0.07145,0.0,0
1918,972791.0,0.12375,0.0,0
1919,972852.0,0.0779,0.0,0
1920,973234.0,0.0372,0.0,0
1921,973704.0,0.48540000000000005,-0.048992346381017314,1
1922,974265.0,0.0715,0.010891944752842051,1
1923,974949.0,0.0372,-0.0585695617535469,1
1924,975726.0,0.01975,0.0,0
1925,975847.0,0.09485,0.0,0
1926,975962.0,0.0709,0.0,0
1927,976371.0,0.3212,0.0,0
1928,976798.0,0.3212,0.0,0
1929,977217.0,0.01975,0.0,0
1930,977547.0,0.1521,0.0,0
1931,979060.0,0.0792,0.0,0
1932,980245.0,0.3699,0.0,0
1933,980671.0,0.45125000000000004,0.0,0
1934,981100.0,0.45125000000000004,0.0,0
1935,981441.0,0.4676,0.0,0
1936,981471.0,0.4676,0.09433573654319415,1
1937,981532.0,0.2952,0.0,0
1938,981574.0,0.4676,0.03319808988824904,1
1939,981606.0,0.18985,0.0,0
1940,981809.0,0.1583,0.0,0
1941,982670.0,0.0127,0.0,0
1942,982984.0,0.0428,0.0,0
1943,983065.0,0.1281,0.0,0
1944,983814.0,0.0232,0.0,0
1945,984398.0,0.23824999999999996,0.0,0
1946,984825.0,0.0166,0.04224599749517673,1
1947,984977.0,0.04135,0.0,0
1948,985258.0,0.0147,0.0,0
1949,986060.0,0.25015,0.0,0
1950,986551.0,0.25015,0.0,0
1951,986720.0,0.25015,0.0,0
1952,986898.0,0.01585,0.0,0
1953,986975.0,0.24850000000000005,0.0,0
1954,987013.0,0.24850000000000005,0.0,0
1955,987544.0,0.2439,0.0,0
1956,987557.0,0.0371,0.0,0
1957,988201.0,0.2513,0.0,0
1958,988657.0,0.01635,0.0,0
1959,989586.0,0.2922,0.0,0
1960,989769.0,0.2922,0.0,0
1961,989959.0,0.29355,0.0,0
1962,990257.0,0.09725,0.0,0
1963,990508.0,0.29935,0.0,0
1964,990708.0,0.29935,0.0,0
1965,991308.0,0.29935,0.0,0
1966,991359.0,0.0191,0.0,0
1967,991620.0,0.02315,0.0,0
1968,991623.0,0.131,0.0,0
1969,991754.0,0.29935,0.0,0
1970,991794.0,0.16785,0.0,0
1971,991799.0,0.29935,0.0,0
1972,991892.0,0.021,0.0,0
1973,992012.0,0.02315,-0.035201578317016084,1
1974,992559.0,0.30415000000000003,0.0,0
1975,992575.0,0.30415,0.0,0
1976,992738.0,0.30415,0.0,0
1977,993256.0,0.3925,0.0,0
1978,993699.0,0.39249999999999996,0.0,0
1979,993953.0,0.39249999999999996,0.0,0
1980,994141.0,0.0178,0.0,0
1981,994164.0,0.3925,0.06646184207142534,1
1982,994343.0,0.3923,-0.02097247773651325,1
1983,994812.0,0.04785,0.0,0
1984,994876.0,0.0424,0.0,0
1985,995257.0,0.019,0.0,0
1986,995387.0,0.04515,0.0,0
1987,996176.0,0.0424,0.0,0
1988,997110.0,0.16705,0.0,0
1989,997176.0,0.02465,0.027553094816387853,1
1990,997587.0,0.17905,0.0,0
1991,998105.0,0.0337,0.0,0
1992,998317.0,0.02465,0.0,0
1993,999811.0,0.05385,0.0,0
